datetime,temp,humidity,rain,cloud,wind,pressure,solar
2026-01-01 00:00:00,20.9,69,0.0,50,7.2,955.0,0.0
2026-01-01 01:00:00,20.6,70,0.0,59,5.5,954.5,0.0
2026-01-01 02:00:00,20.0,73,0.0,64,5.5,953.9,0.0
2026-01-01 03:00:00,19.5,76,0.0,76,5.6,954.0,0.0
2026-01-01 04:00:00,19.0,79,0.0,65,6.2,954.1,0.0
2026-01-01 05:00:00,18.3,88,0.0,73,4.9,954.4,0.0
2026-01-01 06:00:00,18.1,90,0.0,2,5.7,955.2,0.0
2026-01-01 07:00:00,18.2,90,0.0,6,5.8,956.0,27.0
2026-01-01 08:00:00,20.0,81,0.0,0,3.4,957.4,191.0
2026-01-01 09:00:00,22.1,72,0.0,1,4.2,958.2,404.0
2026-01-01 10:00:00,24.4,59,0.0,0,4.6,958.2,584.0
2026-01-01 11:00:00,25.9,50,0.0,14,5.1,957.8,710.0
2026-01-01 12:00:00,27.4,41,0.0,77,2.7,956.7,765.0
2026-01-01 13:00:00,28.3,36,0.0,38,0.9,955.5,702.0
2026-01-01 14:00:00,28.9,33,0.0,29,2.7,954.6,551.0
2026-01-01 15:00:00,29.0,31,0.0,77,4.8,954.2,446.0
2026-01-01 16:00:00,28.5,31,0.0,74,3.3,954.3,267.0
2026-01-01 17:00:00,25.4,52,0.0,12,13.6,954.5,98.0
2026-01-01 18:00:00,24.8,52,0.0,5,8.8,955.5,5.0
2026-01-01 19:00:00,24.5,54,0.0,14,9.8,956.2,0.0
2026-01-01 20:00:00,23.8,59,0.0,5,8.8,957.1,0.0
2026-01-01 21:00:00,22.9,62,0.0,0,9.1,957.1,0.0
2026-01-01 22:00:00,22.5,64,0.0,0,8.0,957.1,0.0
2026-01-01 23:00:00,21.8,71,0.0,1,6.0,957.1,0.0
2026-01-02 00:00:00,21.4,73,0.0,65,5.4,956.7,0.0
2026-01-02 01:00:00,20.9,75,0.0,61,4.8,956.1,0.0
2026-01-02 02:00:00,20.5,77,0.0,94,5.1,955.8,0.0
2026-01-02 03:00:00,20.0,79,0.0,96,4.8,955.8,0.0
2026-01-02 04:00:00,19.6,82,0.0,75,3.6,955.8,0.0
2026-01-02 05:00:00,18.8,86,0.0,73,2.7,956.2,0.0
2026-01-02 06:00:00,19.0,85,0.0,21,5.5,956.9,0.0
2026-01-02 07:00:00,18.9,88,0.0,84,6.5,958.0,25.0
2026-01-02 08:00:00,20.0,86,0.0,63,7.1,959.4,178.0
2026-01-02 09:00:00,21.6,78,0.0,30,7.6,960.1,348.0
2026-01-02 10:00:00,23.5,66,0.0,27,7.2,960.1,538.0
2026-01-02 11:00:00,25.6,55,0.0,23,5.9,959.5,669.0
2026-01-02 12:00:00,27.1,43,0.0,13,3.4,958.7,697.0
2026-01-02 13:00:00,28.3,37,0.0,23,2.1,957.7,700.0
2026-01-02 14:00:00,28.9,33,0.0,84,4.4,956.9,589.0
2026-01-02 15:00:00,28.4,33,0.0,96,4.7,956.5,314.0
2026-01-02 16:00:00,28.0,34,0.0,33,2.8,956.7,171.0
2026-01-02 17:00:00,26.8,41,0.0,52,7.1,957.0,102.0
2026-01-02 18:00:00,25.7,47,0.0,35,9.6,957.6,4.0
2026-01-02 19:00:00,24.2,56,0.0,30,10.1,958.5,0.0
2026-01-02 20:00:00,23.8,58,0.0,1,9.1,959.0,0.0
2026-01-02 21:00:00,23.1,60,0.0,6,6.8,959.5,0.0
2026-01-02 22:00:00,22.8,61,0.0,5,6.4,959.3,0.0
2026-01-02 23:00:00,22.1,67,0.0,8,7.1,958.7,0.0
2026-01-03 00:00:00,21.8,68,0.0,0,8.3,958.6,0.0
2026-01-03 01:00:00,21.0,71,0.0,2,7.7,957.9,0.0
2026-01-03 02:00:00,20.4,74,0.0,0,6.9,957.5,0.0
2026-01-03 03:00:00,19.8,77,0.0,49,7.4,957.3,0.0
2026-01-03 04:00:00,19.4,78,0.0,1,7.4,957.4,0.0
2026-01-03 05:00:00,19.1,83,0.0,1,5.8,957.7,0.0
2026-01-03 06:00:00,18.6,86,0.0,0,7.1,958.3,0.0
2026-01-03 07:00:00,18.5,91,0.0,81,8.9,958.9,25.0
2026-01-03 08:00:00,19.6,87,0.0,60,10.0,959.8,157.0
2026-01-03 09:00:00,21.5,75,0.0,32,8.6,960.8,320.0
2026-01-03 10:00:00,23.4,64,0.0,28,8.5,960.5,548.0
2026-01-03 11:00:00,24.9,54,0.0,8,9.4,960.5,658.0
2026-01-03 12:00:00,26.4,45,0.0,0,9.3,959.4,747.0
2026-01-03 13:00:00,27.5,40,0.0,43,6.4,958.5,755.0
2026-01-03 14:00:00,27.5,38,0.0,47,6.2,957.6,576.0
2026-01-03 15:00:00,27.0,39,0.0,100,6.7,957.3,412.0
2026-01-03 16:00:00,26.3,42,0.0,100,5.9,957.3,139.0
2026-01-03 17:00:00,25.4,47,0.0,63,6.1,957.6,51.0
2026-01-03 18:00:00,25.1,48,0.0,27,9.6,958.2,4.0
2026-01-03 19:00:00,24.3,52,0.0,23,10.7,958.9,0.0
2026-01-03 20:00:00,23.8,54,0.0,11,8.1,959.6,0.0
2026-01-03 21:00:00,23.0,57,0.0,15,7.7,960.2,0.0
2026-01-03 22:00:00,22.6,59,0.0,5,7.6,960.1,0.0
2026-01-03 23:00:00,21.8,66,0.0,11,5.8,959.4,0.0
2026-01-04 00:00:00,21.5,67,0.0,0,5.8,959.2,0.0
2026-01-04 01:00:00,20.9,68,0.0,0,8.0,958.6,0.0
2026-01-04 02:00:00,20.0,71,0.0,0,8.1,958.0,0.0
2026-01-04 03:00:00,19.3,77,0.0,0,6.0,957.9,0.0
2026-01-04 04:00:00,18.8,82,0.0,0,3.0,958.1,0.0
2026-01-04 05:00:00,18.4,85,0.0,0,5.1,957.9,0.0
2026-01-04 06:00:00,18.4,86,0.0,0,4.6,958.8,0.0
2026-01-04 07:00:00,18.2,87,0.0,0,3.6,959.6,25.0
2026-01-04 08:00:00,19.6,78,0.0,0,3.4,960.7,191.0
2026-01-04 09:00:00,21.9,65,0.0,0,4.8,961.3,401.0
2026-01-04 10:00:00,24.0,52,0.0,1,7.1,961.5,583.0
2026-01-04 11:00:00,25.1,47,0.0,0,9.1,961.3,712.0
2026-01-04 12:00:00,26.5,39,0.0,69,9.0,960.5,772.0
2026-01-04 13:00:00,26.4,37,0.0,57,9.8,959.5,514.0
2026-01-04 14:00:00,26.4,38,0.0,95,9.0,958.6,464.0
2026-01-04 15:00:00,26.6,37,0.0,34,8.6,958.3,357.0
2026-01-04 16:00:00,26.4,38,0.0,31,10.6,958.3,296.0
2026-01-04 17:00:00,25.2,40,0.0,59,10.7,958.4,117.0
2026-01-04 18:00:00,24.6,43,0.0,1,8.9,958.8,6.0
2026-01-04 19:00:00,23.9,46,0.0,0,8.7,959.9,0.0
2026-01-04 20:00:00,23.0,48,0.0,0,8.5,960.5,0.0
2026-01-04 21:00:00,22.1,51,0.0,0,7.3,960.8,0.0
2026-01-04 22:00:00,21.2,55,0.0,0,6.8,960.7,0.0
2026-01-04 23:00:00,20.3,60,0.0,0,5.0,960.1,0.0
2026-01-05 00:00:00,20.0,62,0.0,0,4.9,959.8,0.0
2026-01-05 01:00:00,19.6,64,0.0,0,3.6,959.2,0.0
2026-01-05 02:00:00,19.1,68,0.0,0,1.4,958.6,0.0
2026-01-05 03:00:00,18.5,76,0.0,0,1.1,958.2,0.0
2026-01-05 04:00:00,18.0,77,0.0,0,1.6,958.1,0.0
2026-01-05 05:00:00,17.5,79,0.0,0,3.5,959.0,0.0
2026-01-05 06:00:00,18.1,73,0.0,0,3.0,959.8,0.0
2026-01-05 07:00:00,18.1,73,0.0,0,3.7,960.8,25.0
2026-01-05 08:00:00,19.8,64,0.0,0,2.0,961.8,194.0
2026-01-05 09:00:00,22.3,53,0.0,0,3.7,962.5,405.0
2026-01-05 10:00:00,24.0,46,0.0,0,6.8,962.3,589.0
2026-01-05 11:00:00,24.6,42,0.0,0,9.0,961.9,720.0
2026-01-05 12:00:00,25.7,38,0.0,7,9.4,961.2,782.0
2026-01-05 13:00:00,26.5,35,0.0,16,9.7,960.4,752.0
2026-01-05 14:00:00,26.7,34,0.0,21,9.1,959.5,660.0
2026-01-05 15:00:00,26.8,32,0.0,5,8.8,959.0,522.0
2026-01-05 16:00:00,26.2,34,0.0,9,9.9,958.9,340.0
2026-01-05 17:00:00,25.2,37,0.0,14,9.5,959.1,132.0
2026-01-05 18:00:00,24.8,39,0.0,2,8.2,959.6,6.0
2026-01-05 19:00:00,23.8,44,0.0,0,7.7,960.3,0.0
2026-01-05 20:00:00,22.6,49,0.0,0,7.9,960.8,0.0
2026-01-05 21:00:00,21.8,52,0.0,0,7.5,960.8,0.0
2026-01-05 22:00:00,21.1,55,0.0,0,7.2,960.4,0.0
2026-01-05 23:00:00,20.4,59,0.0,0,6.1,960.3,0.0
2026-01-06 00:00:00,20.1,59,0.0,0,7.0,960.2,0.0
2026-01-06 01:00:00,19.6,60,0.0,0,6.7,959.5,0.0
2026-01-06 02:00:00,19.1,61,0.0,0,5.6,959.1,0.0
2026-01-06 03:00:00,18.6,63,0.0,0,6.4,958.6,0.0
2026-01-06 04:00:00,18.1,67,0.0,0,7.3,958.5,0.0
2026-01-06 05:00:00,17.5,72,0.0,0,8.2,958.9,0.0
2026-01-06 06:00:00,17.5,73,0.0,0,7.1,959.8,0.0
2026-01-06 07:00:00,17.0,75,0.0,0,7.4,960.9,25.0
2026-01-06 08:00:00,18.1,68,0.0,6,6.6,961.8,193.0
2026-01-06 09:00:00,20.5,55,0.0,12,6.6,962.5,408.0
2026-01-06 10:00:00,22.9,44,0.0,0,9.2,962.6,595.0
2026-01-06 11:00:00,24.1,40,0.0,0,8.8,962.1,728.0
2026-01-06 12:00:00,25.4,34,0.0,0,8.7,961.3,791.0
2026-01-06 13:00:00,26.2,30,0.0,0,9.4,960.2,782.0
2026-01-06 14:00:00,26.6,26,0.0,0,10.1,959.3,701.0
2026-01-06 15:00:00,26.5,27,0.0,1,10.5,959.0,555.0
2026-01-06 16:00:00,26.0,28,0.0,2,10.1,959.0,356.0
2026-01-06 17:00:00,24.8,35,0.0,2,9.3,959.5,141.0
2026-01-06 18:00:00,24.1,38,0.0,0,7.4,960.3,7.0
2026-01-06 19:00:00,23.5,41,0.0,0,7.1,961.1,0.0
2026-01-06 20:00:00,22.4,46,0.0,0,6.4,961.5,0.0
2026-01-06 21:00:00,21.1,50,0.0,0,5.7,961.7,0.0
2026-01-06 22:00:00,20.4,53,0.0,0,5.3,961.3,0.0
2026-01-06 23:00:00,19.4,60,0.0,0,4.0,961.1,0.0
2026-01-07 00:00:00,19.0,62,0.0,50,5.5,961.0,0.0
2026-01-07 01:00:00,18.5,65,0.0,98,4.7,960.5,0.0
2026-01-07 02:00:00,18.0,67,0.0,79,4.2,959.7,0.0
2026-01-07 03:00:00,17.7,67,0.0,81,3.8,959.5,0.0
2026-01-07 04:00:00,17.1,68,0.0,65,4.7,959.6,0.0
2026-01-07 05:00:00,16.5,70,0.0,73,5.3,960.1,0.0
2026-01-07 06:00:00,16.5,68,0.0,20,5.7,960.7,0.0
2026-01-07 07:00:00,16.5,69,0.0,9,6.0,961.4,25.0
2026-01-07 08:00:00,18.1,60,0.0,29,4.3,962.5,198.0
2026-01-07 09:00:00,20.5,49,0.0,16,5.5,963.1,416.0
2026-01-07 10:00:00,22.6,43,0.0,52,6.9,962.8,604.0
2026-01-07 11:00:00,24.1,36,0.0,90,7.9,962.7,738.0
2026-01-07 12:00:00,25.5,29,0.0,97,8.7,961.8,801.0
2026-01-07 13:00:00,26.3,24,0.0,95,10.2,960.7,792.0
2026-01-07 14:00:00,26.5,22,0.0,88,11.2,959.8,710.0
2026-01-07 15:00:00,26.5,23,0.0,50,11.3,959.7,561.0
2026-01-07 16:00:00,25.9,25,0.0,0,11.0,959.4,361.0
2026-01-07 17:00:00,25.0,29,0.0,0,10.4,959.7,144.0
2026-01-07 18:00:00,24.1,34,0.0,0,8.7,960.4,8.0
2026-01-07 19:00:00,23.3,38,0.0,0,7.9,961.1,0.0
2026-01-07 20:00:00,22.2,43,0.0,0,7.3,961.7,0.0
2026-01-07 21:00:00,21.0,49,0.0,0,6.1,961.9,0.0
2026-01-07 22:00:00,20.1,53,0.0,0,5.4,961.9,0.0
2026-01-07 23:00:00,19.2,64,0.0,0,0.9,961.4,0.0
2026-01-08 00:00:00,18.9,58,0.0,0,3.6,960.9,0.0
2026-01-08 01:00:00,18.3,57,0.0,0,4.5,960.2,0.0
2026-01-08 02:00:00,18.1,54,0.0,0,5.8,959.5,0.0
2026-01-08 03:00:00,18.0,51,0.0,0,4.4,959.2,0.0
2026-01-08 04:00:00,17.5,52,0.0,0,5.6,959.5,0.0
2026-01-08 05:00:00,16.4,61,0.0,0,4.3,959.9,0.0
2026-01-08 06:00:00,16.4,63,0.0,38,6.3,960.9,0.0
2026-01-08 07:00:00,16.2,66,0.0,91,6.1,961.7,25.0
2026-01-08 08:00:00,17.8,62,0.0,84,2.9,962.4,194.0
2026-01-08 09:00:00,20.1,61,0.0,68,3.6,963.1,411.0
2026-01-08 10:00:00,22.5,47,0.0,0,4.7,962.9,601.0
2026-01-08 11:00:00,24.3,32,0.0,0,7.7,962.8,736.0
2026-01-08 12:00:00,25.5,25,0.0,0,10.0,961.7,803.0
2026-01-08 13:00:00,26.0,25,0.0,0,10.3,960.9,793.0
2026-01-08 14:00:00,26.0,26,0.0,1,10.0,960.0,708.0
2026-01-08 15:00:00,25.9,28,0.0,0,9.9,959.8,557.0
2026-01-08 16:00:00,25.2,29,0.0,0,10.1,959.8,358.0
2026-01-08 17:00:00,24.2,31,0.0,0,9.7,960.2,144.0
2026-01-08 18:00:00,23.6,34,0.0,0,8.4,960.8,8.0
2026-01-08 19:00:00,22.8,38,0.0,0,8.1,961.3,0.0
2026-01-08 20:00:00,21.6,42,0.0,0,6.3,961.7,0.0
2026-01-08 21:00:00,20.5,45,0.0,1,7.0,961.8,0.0
2026-01-08 22:00:00,20.0,43,0.0,40,5.9,961.4,0.0
2026-01-08 23:00:00,18.8,49,0.0,83,3.4,960.4,0.0
2026-01-09 00:00:00,19.0,46,0.0,99,4.4,960.2,0.0
2026-01-09 01:00:00,18.6,48,0.0,99,6.8,960.0,0.0
2026-01-09 02:00:00,18.1,49,0.0,98,4.3,959.3,0.0
2026-01-09 03:00:00,17.8,49,0.0,96,6.1,959.1,0.0
2026-01-09 04:00:00,17.5,47,0.0,5,6.8,958.9,0.0
2026-01-09 05:00:00,16.5,55,0.0,23,7.7,959.4,0.0
2026-01-09 06:00:00,16.2,55,0.0,0,7.3,959.9,0.0
2026-01-09 07:00:00,16.2,57,0.0,13,7.1,960.6,25.0
2026-01-09 08:00:00,18.0,51,0.0,55,4.9,961.5,194.0
2026-01-09 09:00:00,20.5,41,0.0,71,6.4,962.5,406.0
2026-01-09 10:00:00,22.5,34,0.0,76,8.8,962.3,591.0
2026-01-09 11:00:00,23.7,31,0.0,95,11.6,962.1,714.0
2026-01-09 12:00:00,24.5,30,0.0,98,11.4,961.4,790.0
2026-01-09 13:00:00,25.0,30,0.0,98,10.4,960.1,777.0
2026-01-09 14:00:00,25.3,30,0.0,91,9.9,959.2,686.0
2026-01-09 15:00:00,25.1,30,0.0,63,9.8,958.9,547.0
2026-01-09 16:00:00,24.7,32,0.0,98,9.7,958.8,352.0
2026-01-09 17:00:00,23.6,36,0.0,93,10.2,958.8,141.0
2026-01-09 18:00:00,23.2,37,0.0,74,8.1,959.4,8.0
2026-01-09 19:00:00,22.4,40,0.0,74,7.4,960.1,0.0
2026-01-09 20:00:00,21.1,42,0.0,2,8.2,960.4,0.0
2026-01-09 21:00:00,20.5,43,0.0,100,7.3,960.5,0.0
2026-01-09 22:00:00,20.1,44,0.0,100,6.5,960.2,0.0
2026-01-09 23:00:00,19.6,45,0.0,100,5.7,959.6,0.0
2026-01-10 00:00:00,19.5,45,0.0,100,7.4,959.4,0.0
2026-01-10 01:00:00,19.0,45,0.0,100,8.3,959.2,0.0
2026-01-10 02:00:00,18.3,45,0.0,100,9.4,958.8,0.0
2026-01-10 03:00:00,17.6,42,0.0,100,9.4,958.4,0.0
2026-01-10 04:00:00,17.4,40,0.0,100,9.0,958.2,0.0
2026-01-10 05:00:00,17.1,41,0.0,42,9.4,958.7,0.0
2026-01-10 06:00:00,17.1,42,0.0,15,9.5,959.5,0.0
2026-01-10 07:00:00,17.1,44,0.0,41,9.0,960.2,23.0
2026-01-10 08:00:00,18.2,45,0.0,26,7.3,961.2,184.0
2026-01-10 09:00:00,20.2,44,0.0,45,8.1,961.7,404.0
2026-01-10 10:00:00,22.1,38,0.0,52,10.3,961.6,550.0
2026-01-10 11:00:00,23.8,31,0.0,0,10.6,960.9,593.0
2026-01-10 12:00:00,24.9,26,0.0,0,10.8,959.9,772.0
2026-01-10 13:00:00,25.2,25,0.0,7,10.1,959.4,775.0
2026-01-10 14:00:00,25.5,24,0.0,91,9.6,958.8,683.0
2026-01-10 15:00:00,25.0,24,0.0,100,9.5,958.3,386.0
2026-01-10 16:00:00,24.3,25,0.0,99,9.5,958.2,216.0
2026-01-10 17:00:00,23.0,30,0.0,98,9.3,958.6,52.0
2026-01-10 18:00:00,22.5,30,0.0,100,8.7,959.4,4.0
2026-01-10 19:00:00,22.0,31,0.0,100,8.2,960.3,0.0
2026-01-10 20:00:00,21.2,34,0.0,73,7.7,960.7,0.0
2026-01-10 21:00:00,20.4,37,0.0,81,7.7,961.2,0.0
2026-01-10 22:00:00,19.6,41,0.0,59,6.7,961.1,0.0
2026-01-10 23:00:00,19.5,45,0.0,85,6.0,961.0,0.0
2026-01-11 00:00:00,19.1,47,0.0,64,5.6,960.7,0.0
2026-01-11 01:00:00,18.8,46,0.0,46,6.3,960.2,0.0
2026-01-11 02:00:00,18.5,46,0.0,28,6.2,959.5,0.0
2026-01-11 03:00:00,18.1,46,0.0,16,6.4,959.1,0.0
2026-01-11 04:00:00,17.9,45,0.0,2,6.4,959.1,0.0
2026-01-11 05:00:00,16.6,53,0.0,73,3.9,959.0,0.0
2026-01-11 06:00:00,17.1,50,0.0,23,6.6,960.0,0.0
2026-01-11 07:00:00,17.4,50,0.0,7,7.7,960.6,23.0
2026-01-11 08:00:00,19.0,44,0.0,16,4.8,961.5,189.0
2026-01-11 09:00:00,21.4,36,0.0,15,6.9,962.3,391.0
2026-01-11 10:00:00,23.2,31,0.0,52,7.6,962.7,577.0
2026-01-11 11:00:00,24.5,31,0.0,89,7.9,962.5,723.0
2026-01-11 12:00:00,25.5,30,0.0,100,8.0,961.7,629.0
2026-01-11 13:00:00,25.5,31,0.0,100,8.4,960.7,479.0
2026-01-11 14:00:00,25.4,33,0.0,100,8.3,959.9,354.0
2026-01-11 15:00:00,24.8,34,0.0,75,8.4,959.6,181.0
2026-01-11 16:00:00,24.6,35,0.0,84,8.8,959.6,216.0
2026-01-11 17:00:00,24.1,38,0.0,66,9.7,959.9,70.0
2026-01-11 18:00:00,23.5,41,0.0,40,8.7,960.4,8.0
2026-01-11 19:00:00,22.9,43,0.0,69,7.9,961.1,0.0
2026-01-11 20:00:00,22.5,44,0.0,95,7.7,961.6,0.0
2026-01-11 21:00:00,22.0,45,0.0,77,7.0,961.9,0.0
2026-01-11 22:00:00,21.4,47,0.0,30,5.8,961.7,0.0
2026-01-11 23:00:00,21.4,47,0.0,5,5.8,961.4,0.0
2026-01-12 00:00:00,21.1,47,0.0,4,5.8,961.0,0.0
2026-01-12 01:00:00,20.6,49,0.0,18,4.8,960.6,0.0
2026-01-12 02:00:00,20.2,51,0.0,22,4.2,960.1,0.0
2026-01-12 03:00:00,19.8,53,0.0,18,5.5,959.9,0.0
2026-01-12 04:00:00,19.2,55,0.0,9,4.7,959.6,0.0
2026-01-12 05:00:00,18.8,64,0.0,4,3.9,959.7,0.0
2026-01-12 06:00:00,19.0,63,0.0,0,5.2,960.5,0.0
2026-01-12 07:00:00,19.1,63,0.0,1,5.1,961.3,22.0
2026-01-12 08:00:00,20.5,57,0.0,3,4.5,962.2,180.0
2026-01-12 09:00:00,22.5,48,0.0,1,6.4,963.0,386.0
2026-01-12 10:00:00,24.1,42,0.0,2,9.1,962.9,571.0
2026-01-12 11:00:00,24.7,40,0.0,6,10.2,962.9,702.0
2026-01-12 12:00:00,25.8,37,0.0,38,9.9,962.4,766.0
2026-01-12 13:00:00,26.3,37,0.0,47,9.6,961.5,710.0
2026-01-12 14:00:00,26.5,37,0.0,38,9.5,960.7,606.0
2026-01-12 15:00:00,26.4,37,0.0,18,9.7,960.3,461.0
2026-01-12 16:00:00,25.9,38,0.0,5,9.9,960.1,327.0
2026-01-12 17:00:00,24.9,40,0.0,5,9.5,960.4,140.0
2026-01-12 18:00:00,24.4,41,0.0,9,9.2,961.1,9.0
2026-01-12 19:00:00,23.7,43,0.0,7,8.6,962.0,0.0
2026-01-12 20:00:00,22.9,46,0.0,9,7.2,962.6,0.0
2026-01-12 21:00:00,22.3,48,0.0,2,6.0,962.9,0.0
2026-01-12 22:00:00,21.8,50,0.0,0,5.9,962.6,0.0
2026-01-12 23:00:00,21.1,53,0.0,9,5.1,962.6,0.0
2026-01-13 00:00:00,21.4,53,0.0,0,5.1,962.5,0.0
2026-01-13 01:00:00,21.0,54,0.0,0,5.7,961.9,0.0
2026-01-13 02:00:00,20.5,55,0.0,4,5.9,961.3,0.0
2026-01-13 03:00:00,20.0,57,0.0,7,5.3,961.0,0.0
2026-01-13 04:00:00,19.4,61,0.0,0,5.2,960.7,0.0
2026-01-13 05:00:00,19.0,83,0.0,0,4.7,960.3,0.0
2026-01-13 06:00:00,19.2,83,0.0,0,3.9,960.9,0.0
2026-01-13 07:00:00,19.2,84,0.0,1,3.0,961.7,22.0
2026-01-13 08:00:00,20.6,77,0.0,2,3.6,962.5,178.0
2026-01-13 09:00:00,22.9,61,0.0,0,4.9,963.3,384.0
2026-01-13 10:00:00,24.9,50,0.0,0,5.6,963.3,569.0
2026-01-13 11:00:00,26.2,45,0.0,0,5.5,963.0,701.0
2026-01-13 12:00:00,27.5,41,0.0,0,4.8,962.0,768.0
2026-01-13 13:00:00,28.4,39,0.0,0,4.2,960.7,762.0
2026-01-13 14:00:00,29.1,37,0.0,27,4.6,959.5,685.0
2026-01-13 15:00:00,29.5,35,0.0,56,6.1,958.8,504.0
2026-01-13 16:00:00,28.5,39,0.0,38,9.1,958.5,255.0
2026-01-13 17:00:00,27.3,42,0.0,61,9.6,959.0,121.0
2026-01-13 18:00:00,26.8,43,0.0,20,8.3,959.6,8.0
2026-01-13 19:00:00,26.2,46,0.0,8,7.7,960.4,0.0
2026-01-13 20:00:00,25.2,50,0.0,2,7.5,960.8,0.0
2026-01-13 21:00:00,24.0,54,0.0,2,6.2,960.8,0.0
2026-01-13 22:00:00,23.1,57,0.0,2,5.7,960.5,0.0
2026-01-13 23:00:00,22.4,61,0.0,0,4.9,960.2,0.0
2026-01-14 00:00:00,22.1,62,0.0,0,4.9,959.6,0.0
2026-01-14 01:00:00,21.7,63,0.0,3,3.3,958.8,0.0
2026-01-14 02:00:00,21.2,65,0.0,0,3.9,958.1,0.0
2026-01-14 03:00:00,20.8,67,0.0,3,2.6,957.6,0.0
2026-01-14 04:00:00,20.2,69,0.0,7,0.8,957.5,0.0
2026-01-14 05:00:00,19.7,75,0.0,11,2.2,957.9,0.0
2026-01-14 06:00:00,20.0,71,0.0,16,3.2,958.8,0.0
2026-01-14 07:00:00,19.8,73,0.0,63,3.5,959.7,21.0
2026-01-14 08:00:00,21.5,65,0.0,77,1.8,960.9,158.0
2026-01-14 09:00:00,23.8,54,0.0,61,2.0,961.9,312.0
2026-01-14 10:00:00,25.6,44,0.0,6,2.4,961.5,473.0
2026-01-14 11:00:00,26.9,39,0.0,54,2.4,961.0,690.0
2026-01-14 12:00:00,28.4,35,0.0,22,2.5,960.1,728.0
2026-01-14 13:00:00,29.5,33,0.0,68,3.8,958.7,656.0
2026-01-14 14:00:00,29.6,32,0.0,57,7.2,957.6,540.0
2026-01-14 15:00:00,29.2,35,0.0,35,7.8,957.4,431.0
2026-01-14 16:00:00,28.9,36,0.1,25,7.2,957.3,306.0
2026-01-14 17:00:00,28.6,37,0.1,32,1.7,957.1,134.0
2026-01-14 18:00:00,27.5,40,0.0,38,5.0,957.7,9.0
2026-01-14 19:00:00,26.5,42,0.0,28,8.5,958.6,0.0
2026-01-14 20:00:00,25.5,46,0.0,31,7.1,959.0,0.0
2026-01-14 21:00:00,24.6,49,0.0,59,5.9,959.5,0.0
2026-01-14 22:00:00,24.3,51,0.0,23,3.3,959.4,0.0
2026-01-14 23:00:00,23.0,66,0.0,23,2.3,959.0,0.0
2026-01-15 00:00:00,23.0,58,0.0,27,3.3,958.5,0.0
2026-01-15 01:00:00,22.5,61,0.0,1,4.3,957.6,0.0
2026-01-15 02:00:00,21.8,64,0.0,1,3.3,956.8,0.0
2026-01-15 03:00:00,21.2,68,0.0,0,1.8,956.4,0.0
2026-01-15 04:00:00,20.7,71,0.0,0,1.5,956.4,0.0
2026-01-15 05:00:00,20.0,76,0.0,2,2.6,956.7,0.0
2026-01-15 06:00:00,20.3,70,0.0,14,3.8,957.4,0.0
2026-01-15 07:00:00,20.2,70,0.0,13,2.8,958.3,21.0
2026-01-15 08:00:00,22.1,64,0.0,6,1.0,959.5,177.0
2026-01-15 09:00:00,24.8,51,0.0,1,3.1,960.6,392.0
2026-01-15 10:00:00,26.5,42,0.0,9,5.5,960.5,578.0
2026-01-15 11:00:00,27.3,43,0.0,22,5.1,960.0,705.0
2026-01-15 12:00:00,28.0,42,0.0,35,3.3,959.3,692.0
2026-01-15 13:00:00,28.5,39,0.0,44,4.2,957.8,624.0
2026-01-15 14:00:00,28.8,38,0.0,38,6.1,956.7,551.0
2026-01-15 15:00:00,28.8,37,0.0,45,6.7,956.3,427.0
2026-01-15 16:00:00,28.7,37,0.0,24,7.4,956.3,304.0
2026-01-15 17:00:00,28.3,37,0.0,95,8.3,956.3,132.0
2026-01-15 18:00:00,27.2,42,0.0,32,8.3,957.0,9.0
2026-01-15 19:00:00,26.0,47,0.0,27,7.8,957.9,0.0
2026-01-15 20:00:00,24.8,52,0.0,11,7.5,958.6,0.0
2026-01-15 21:00:00,23.5,58,0.0,1,6.9,958.8,0.0
2026-01-15 22:00:00,22.9,61,0.0,0,6.9,958.7,0.0
2026-01-15 23:00:00,22.2,64,0.0,0,4.5,958.3,0.0
2026-01-16 00:00:00,22.0,64,0.0,0,4.4,957.9,0.0
2026-01-16 01:00:00,21.4,66,0.0,0,4.3,957.4,0.0
2026-01-16 02:00:00,20.9,67,0.0,0,5.7,956.8,0.0
2026-01-16 03:00:00,20.5,64,0.0,0,5.9,956.5,0.0
2026-01-16 04:00:00,20.2,61,0.0,15,4.9,956.8,0.0
2026-01-16 05:00:00,19.0,73,0.0,27,4.0,956.8,0.0
2026-01-16 06:00:00,19.5,68,0.0,31,6.4,957.8,0.0
2026-01-16 07:00:00,19.5,68,0.0,0,6.9,958.7,23.0
2026-01-16 08:00:00,21.0,61,0.0,0,4.7,959.8,191.0
2026-01-16 09:00:00,23.4,47,0.0,2,6.3,960.6,410.0
2026-01-16 10:00:00,25.4,39,0.0,49,8.1,960.7,603.0
2026-01-16 11:00:00,26.5,39,0.0,81,7.2,960.2,740.0
2026-01-16 12:00:00,27.5,36,0.0,91,7.1,959.6,803.0
2026-01-16 13:00:00,28.2,33,0.0,45,7.4,958.4,797.0
2026-01-16 14:00:00,28.6,31,0.0,100,7.9,957.4,719.0
2026-01-16 15:00:00,28.6,29,0.0,91,8.3,956.9,574.0
2026-01-16 16:00:00,28.1,30,0.0,73,8.4,956.6,379.0
2026-01-16 17:00:00,27.4,31,0.0,41,7.6,956.9,163.0
2026-01-16 18:00:00,26.2,34,0.0,48,7.1,957.3,13.0
2026-01-16 19:00:00,25.1,39,0.0,0,5.0,958.0,0.0
2026-01-16 20:00:00,24.1,42,0.0,0,5.5,958.6,0.0
2026-01-16 21:00:00,23.2,44,0.0,0,5.5,958.6,0.0
2026-01-16 22:00:00,22.4,45,0.0,0,4.0,958.3,0.0
2026-01-16 23:00:00,20.5,58,0.0,0,2.0,957.7,0.0
2026-01-17 00:00:00,21.0,50,0.0,0,3.3,957.6,0.0
2026-01-17 01:00:00,20.4,52,0.0,8,2.6,956.9,0.0
2026-01-17 02:00:00,19.9,52,0.0,95,3.1,956.2,0.0
2026-01-17 03:00:00,19.5,54,0.0,94,1.4,955.7,0.0
2026-01-17 04:00:00,18.9,55,0.0,64,1.9,955.7,0.0
2026-01-17 05:00:00,18.0,58,0.0,35,1.5,955.8,0.0
2026-01-17 06:00:00,18.1,58,0.0,13,3.1,956.3,0.0
2026-01-17 07:00:00,18.5,54,0.0,0,3.5,957.3,24.0
2026-01-17 08:00:00,20.6,47,0.0,0,4.0,958.6,199.0
2026-01-17 09:00:00,23.6,36,0.0,0,4.1,959.8,422.0
2026-01-17 10:00:00,25.8,27,0.0,0,6.0,959.8,617.0
2026-01-17 11:00:00,27.0,23,0.0,0,5.3,959.4,757.0
2026-01-17 12:00:00,28.4,20,0.0,0,5.5,958.5,828.0
2026-01-17 13:00:00,29.1,19,0.0,0,6.0,957.0,822.0
2026-01-17 14:00:00,29.6,19,0.0,0,6.3,956.0,741.0
2026-01-17 15:00:00,29.6,19,0.0,0,6.8,955.4,591.0
2026-01-17 16:00:00,29.0,21,0.0,4,7.8,955.2,389.0
2026-01-17 17:00:00,28.2,24,0.0,1,8.7,955.2,167.0
2026-01-17 18:00:00,27.1,28,0.0,0,5.6,955.7,14.0
2026-01-17 19:00:00,25.8,33,0.0,0,5.8,956.1,0.0
2026-01-17 20:00:00,24.8,37,0.0,0,7.1,956.5,0.0
2026-01-17 21:00:00,23.5,40,0.0,0,5.9,956.5,0.0
2026-01-17 22:00:00,22.4,43,0.0,15,5.8,956.3,0.0
2026-01-17 23:00:00,21.1,51,0.0,49,1.3,955.8,0.0
2026-01-18 00:00:00,20.9,48,0.0,52,1.1,955.6,0.0
2026-01-18 01:00:00,19.7,54,0.0,0,2.7,954.9,0.0
2026-01-18 02:00:00,18.7,61,0.0,0,3.2,954.3,0.0
2026-01-18 03:00:00,18.0,72,0.0,0,0.4,953.5,0.0
2026-01-18 04:00:00,17.5,77,0.0,0,0.0,953.5,0.0
2026-01-18 05:00:00,17.0,73,0.0,0,1.1,953.6,0.0
2026-01-18 06:00:00,17.4,73,0.0,0,2.1,954.4,0.0
2026-01-18 07:00:00,17.5,70,0.0,0,4.5,955.3,24.0
2026-01-18 08:00:00,19.9,55,0.0,0,3.3,956.6,200.0
2026-01-18 09:00:00,23.3,40,0.0,0,3.5,957.7,425.0
2026-01-18 10:00:00,26.2,27,0.0,0,5.4,957.5,622.0
2026-01-18 11:00:00,27.8,20,0.0,0,5.7,957.0,764.0
2026-01-18 12:00:00,29.0,17,0.0,0,4.7,956.3,834.0
2026-01-18 13:00:00,29.8,16,0.0,0,4.7,955.1,826.0
2026-01-18 14:00:00,30.1,15,0.0,0,5.5,954.2,744.0
2026-01-18 15:00:00,30.1,16,0.0,0,6.7,953.9,595.0
2026-01-18 16:00:00,29.6,17,0.0,0,7.0,953.7,395.0
2026-01-18 17:00:00,29.1,18,0.0,0,7.9,953.7,171.0
2026-01-18 18:00:00,27.6,22,0.0,0,6.3,954.4,15.0
2026-01-18 19:00:00,25.8,30,0.0,0,7.0,955.1,0.0
2026-01-18 20:00:00,24.5,34,0.0,0,3.0,956.1,0.0
2026-01-18 21:00:00,23.5,37,0.0,0,3.1,956.2,0.0
2026-01-18 22:00:00,22.6,39,0.0,0,6.0,956.1,0.0
2026-01-18 23:00:00,21.8,43,0.0,0,5.7,955.7,0.0
2026-01-19 00:00:00,21.1,45,0.0,0,6.4,955.4,0.0
2026-01-19 01:00:00,20.6,47,0.0,0,6.1,955.1,0.0
2026-01-19 02:00:00,20.4,50,0.0,0,6.3,954.8,0.0
2026-01-19 03:00:00,19.8,53,0.0,0,5.9,954.2,0.0
2026-01-19 04:00:00,19.0,57,0.0,0,5.6,954.6,0.0
2026-01-19 05:00:00,17.6,72,0.0,0,2.8,954.9,0.0
2026-01-19 06:00:00,18.5,67,0.0,0,5.2,955.8,0.0
2026-01-19 07:00:00,18.5,68,0.0,0,6.0,956.6,23.0
2026-01-19 08:00:00,20.0,62,0.0,0,4.5,957.8,194.0
2026-01-19 09:00:00,22.9,52,0.0,0,5.3,958.8,416.0
2026-01-19 10:00:00,25.8,38,0.0,0,6.9,958.7,610.0
2026-01-19 11:00:00,27.5,31,0.0,0,6.5,958.4,750.0
2026-01-19 12:00:00,28.8,25,0.0,0,5.1,957.3,817.0
2026-01-19 13:00:00,29.4,22,0.0,0,4.8,956.2,811.0
2026-01-19 14:00:00,29.7,22,0.0,0,6.0,955.3,731.0
2026-01-19 15:00:00,29.6,23,0.0,2,7.1,954.9,584.0
2026-01-19 16:00:00,29.0,25,0.0,2,7.6,954.8,385.0
2026-01-19 17:00:00,27.8,30,0.0,4,9.8,955.1,165.0
2026-01-19 18:00:00,26.4,38,0.0,16,11.1,955.7,14.0
2026-01-19 19:00:00,25.6,43,0.0,5,9.4,956.6,0.0
2026-01-19 20:00:00,24.4,48,0.0,1,8.9,957.3,0.0
2026-01-19 21:00:00,23.5,50,0.0,2,7.5,957.3,0.0
2026-01-19 22:00:00,23.1,50,0.0,0,7.9,957.1,0.0
2026-01-19 23:00:00,22.2,55,0.0,0,6.9,956.8,0.0
2026-01-20 00:00:00,21.9,56,0.0,8,6.5,956.6,0.0
2026-01-20 01:00:00,20.9,59,0.0,0,7.3,956.2,0.0
2026-01-20 02:00:00,20.3,61,0.0,0,5.6,955.6,0.0
2026-01-20 03:00:00,19.9,63,0.0,0,4.0,955.2,0.0
2026-01-20 04:00:00,19.4,66,0.0,0,3.3,955.4,0.0
2026-01-20 05:00:00,18.7,78,0.0,0,1.2,955.5,0.0
2026-01-20 06:00:00,19.1,75,0.0,0,4.0,956.3,0.0
2026-01-20 07:00:00,19.0,76,0.0,0,3.7,956.9,23.0
2026-01-20 08:00:00,20.8,67,0.0,0,1.8,958.1,190.0
2026-01-20 09:00:00,23.5,54,0.0,0,3.8,959.3,408.0
2026-01-20 10:00:00,25.8,41,0.0,0,6.2,959.5,599.0
2026-01-20 11:00:00,27.1,32,0.0,0,8.3,959.1,739.0
2026-01-20 12:00:00,28.0,29,0.0,0,8.8,958.3,810.0
2026-01-20 13:00:00,28.4,28,0.0,4,9.5,957.1,806.0
2026-01-20 14:00:00,28.4,29,0.0,8,10.1,956.2,723.0
2026-01-20 15:00:00,28.4,28,0.0,12,9.9,955.6,578.0
2026-01-20 16:00:00,28.0,30,0.0,31,10.3,955.8,356.0
2026-01-20 17:00:00,26.9,32,0.0,36,11.2,955.9,147.0
2026-01-20 18:00:00,26.2,34,0.0,2,10.4,956.5,14.0
2026-01-20 19:00:00,25.5,36,0.0,0,9.8,957.1,0.0
2026-01-20 20:00:00,24.5,39,0.0,0,9.1,957.7,0.0
2026-01-20 21:00:00,23.7,41,0.0,0,8.2,957.9,0.0
2026-01-20 22:00:00,22.9,44,0.0,0,7.6,957.9,0.0
2026-01-20 23:00:00,22.0,50,0.0,0,7.4,957.4,0.0
2026-01-21 00:00:00,21.4,52,0.0,0,7.6,957.2,0.0
2026-01-21 01:00:00,21.0,54,0.0,0,6.5,956.7,0.0
2026-01-21 02:00:00,20.0,57,0.0,0,9.0,956.7,0.0
2026-01-21 03:00:00,18.6,67,0.0,0,7.8,956.8,0.0
2026-01-21 04:00:00,18.0,78,0.0,0,7.2,956.8,0.0
2026-01-21 05:00:00,17.7,85,0.0,0,6.3,957.1,0.0
2026-01-21 06:00:00,17.9,85,0.0,0,7.0,957.8,0.0
2026-01-21 07:00:00,18.0,82,0.0,0,6.9,958.7,23.0
2026-01-21 08:00:00,19.5,71,0.0,0,7.3,960.0,191.0
2026-01-21 09:00:00,21.5,59,0.0,0,7.5,960.8,410.0
2026-01-21 10:00:00,24.0,44,0.0,0,9.2,960.8,604.0
2026-01-21 11:00:00,25.4,38,0.0,0,10.5,960.4,745.0
2026-01-21 12:00:00,26.5,33,0.0,0,11.1,959.7,814.0
2026-01-21 13:00:00,27.0,32,0.0,0,11.1,958.9,811.0
2026-01-21 14:00:00,27.1,32,0.0,1,10.6,958.0,732.0
2026-01-21 15:00:00,27.2,32,0.0,34,10.1,957.5,562.0
2026-01-21 16:00:00,26.8,32,0.0,61,10.0,957.5,320.0
2026-01-21 17:00:00,25.8,36,0.0,28,11.7,957.5,116.0
2026-01-21 18:00:00,25.4,38,0.0,30,10.8,958.2,13.0
2026-01-21 19:00:00,24.4,42,0.0,19,10.1,958.9,0.0
2026-01-21 20:00:00,23.5,43,0.0,5,9.7,959.2,0.0
2026-01-21 21:00:00,23.1,42,0.0,2,9.2,959.5,0.0
2026-01-21 22:00:00,22.8,42,0.0,1,8.4,959.3,0.0
2026-01-21 23:00:00,21.7,47,0.0,0,6.9,958.9,0.0
2026-01-22 00:00:00,21.1,49,0.0,0,9.5,958.6,0.0
2026-01-22 01:00:00,19.5,62,0.0,0,7.8,958.6,0.0
2026-01-22 02:00:00,18.8,69,0.0,0,6.4,958.1,0.0
2026-01-22 03:00:00,18.4,71,0.0,0,5.6,957.9,0.0
2026-01-22 04:00:00,18.0,72,0.0,0,5.8,957.9,0.0
2026-01-22 05:00:00,17.4,79,0.0,0,3.1,957.7,0.0
2026-01-22 06:00:00,18.1,71,0.0,0,6.0,958.4,0.0
2026-01-22 07:00:00,18.3,66,0.0,0,6.5,959.1,23.0
2026-01-22 08:00:00,20.0,57,0.0,0,5.2,960.5,192.0
2026-01-22 09:00:00,22.0,47,0.0,0,8.0,961.6,412.0
2026-01-22 10:00:00,24.0,38,0.0,0,9.4,961.5,605.0
2026-01-22 11:00:00,25.2,35,0.0,0,8.8,961.2,745.0
2026-01-22 12:00:00,26.3,31,0.0,0,9.0,960.2,817.0
2026-01-22 13:00:00,26.9,30,0.0,0,9.8,959.1,815.0
2026-01-22 14:00:00,27.0,30,0.0,2,10.5,957.9,736.0
2026-01-22 15:00:00,26.9,31,0.0,9,10.7,957.3,588.0
2026-01-22 16:00:00,26.2,33,0.0,20,10.9,957.4,344.0
2026-01-22 17:00:00,25.5,36,0.0,9,11.6,957.5,157.0
2026-01-22 18:00:00,24.8,38,0.0,4,10.8,958.1,15.0
2026-01-22 19:00:00,24.0,40,0.0,0,8.9,958.8,0.0
2026-01-22 20:00:00,23.2,43,0.0,0,7.6,959.3,0.0
2026-01-22 21:00:00,22.6,46,0.0,1,7.2,959.5,0.0
2026-01-22 22:00:00,22.2,46,0.0,1,7.6,959.4,0.0
2026-01-22 23:00:00,21.4,49,0.0,0,6.8,959.4,0.0
2026-01-23 00:00:00,20.8,51,0.0,0,8.3,959.0,0.0
2026-01-23 01:00:00,19.8,56,0.0,0,11.3,958.9,0.0
2026-01-23 02:00:00,19.0,70,0.0,0,11.3,958.2,0.0
2026-01-23 03:00:00,18.6,74,0.0,0,9.5,958.0,0.0
2026-01-23 04:00:00,18.2,75,0.0,0,7.6,958.2,0.0
2026-01-23 05:00:00,17.8,82,0.0,0,5.4,958.7,0.0
2026-01-23 06:00:00,18.0,79,0.0,0,6.7,959.5,0.0
2026-01-23 07:00:00,18.0,77,0.0,0,6.2,960.2,23.0
2026-01-23 08:00:00,19.6,68,0.0,0,4.6,961.3,191.0
2026-01-23 09:00:00,22.1,54,0.0,0,6.6,962.0,411.0
2026-01-23 10:00:00,24.2,40,0.0,0,7.9,962.3,605.0
2026-01-23 11:00:00,25.1,35,0.0,0,8.3,961.8,747.0
2026-01-23 12:00:00,26.1,31,0.0,0,7.9,961.1,821.0
2026-01-23 13:00:00,26.7,30,0.0,0,8.3,960.0,819.0
2026-01-23 14:00:00,26.8,29,0.0,0,8.5,958.9,741.0
2026-01-23 15:00:00,26.6,30,0.0,0,8.4,958.3,595.0
2026-01-23 16:00:00,26.2,31,0.0,0,9.3,958.2,399.0
2026-01-23 17:00:00,25.5,34,0.0,0,11.6,957.9,178.0
2026-01-23 18:00:00,24.8,35,0.0,0,10.8,958.5,18.0
2026-01-23 19:00:00,23.9,38,0.0,0,8.2,959.4,0.0
2026-01-23 20:00:00,23.2,39,0.0,0,5.8,960.3,0.0
2026-01-23 21:00:00,22.6,41,0.0,0,5.8,960.7,0.0
2026-01-23 22:00:00,22.1,43,0.0,0,6.7,960.6,0.0
2026-01-23 23:00:00,21.4,48,0.0,0,4.7,960.8,0.0
2026-01-24 00:00:00,21.0,50,0.0,0,6.7,960.7,0.0
2026-01-24 01:00:00,20.1,53,0.0,0,7.0,960.1,0.0
2026-01-24 02:00:00,19.0,59,0.0,0,6.4,959.7,0.0
2026-01-24 03:00:00,18.2,69,0.0,0,6.5,959.6,0.0
2026-01-24 04:00:00,17.6,82,0.0,0,6.4,959.9,0.0
2026-01-24 05:00:00,17.5,98,0.0,100,5.2,960.1,0.0
2026-01-24 06:00:00,17.9,96,0.0,98,6.1,961.2,0.0
2026-01-24 07:00:00,17.9,95,0.0,100,5.9,961.7,17.0
2026-01-24 08:00:00,18.9,88,0.0,33,7.2,962.5,153.0
2026-01-24 09:00:00,21.1,74,0.0,21,6.3,963.4,390.0
2026-01-24 10:00:00,23.3,59,0.0,0,6.6,963.5,580.0
2026-01-24 11:00:00,25.0,47,0.0,29,6.0,963.0,738.0
2026-01-24 12:00:00,26.4,38,0.0,15,6.1,962.1,757.0
2026-01-24 13:00:00,27.6,34,0.0,20,5.7,960.7,780.0
2026-01-24 14:00:00,28.1,31,0.0,45,6.6,959.6,669.0
2026-01-24 15:00:00,27.9,31,0.0,65,7.2,958.9,419.0
2026-01-24 16:00:00,27.3,33,0.0,17,9.7,958.5,280.0
2026-01-24 17:00:00,25.8,37,0.0,4,8.4,958.8,154.0
2026-01-24 18:00:00,24.9,41,0.0,0,11.2,959.1,18.0
2026-01-24 19:00:00,24.1,43,0.0,0,9.2,960.0,0.0
2026-01-24 20:00:00,23.6,44,0.0,2,7.9,960.5,0.0
2026-01-24 21:00:00,22.8,48,0.0,2,7.3,960.7,0.0
2026-01-24 22:00:00,21.7,56,0.0,14,6.2,960.5,0.0
2026-01-24 23:00:00,21.1,62,0.0,13,5.0,960.4,0.0
2026-01-25 00:00:00,20.9,63,0.0,1,4.8,959.8,0.0
2026-01-25 01:00:00,20.6,64,0.0,0,4.4,959.2,0.0
2026-01-25 02:00:00,20.2,66,0.0,0,3.6,958.4,0.0
2026-01-25 03:00:00,19.5,74,0.0,0,1.5,957.8,0.0
2026-01-25 04:00:00,19.2,76,0.0,9,0.7,957.5,0.0
2026-01-25 05:00:00,19.2,74,0.0,0,5.4,957.8,0.0
2026-01-25 06:00:00,19.2,74,0.0,0,7.0,958.8,0.0
2026-01-25 07:00:00,19.1,76,0.0,0,6.8,959.4,22.0
2026-01-25 08:00:00,20.6,72,0.0,0,5.4,960.6,186.0
2026-01-25 09:00:00,23.0,62,0.0,0,6.6,961.3,402.0
2026-01-25 10:00:00,25.0,50,0.0,0,8.5,961.4,595.0
2026-01-25 11:00:00,26.2,46,0.0,0,8.9,960.9,734.0
2026-01-25 12:00:00,27.8,40,0.0,26,7.7,960.2,805.0
2026-01-25 13:00:00,28.4,38,0.0,58,7.5,958.9,702.0
2026-01-25 14:00:00,28.5,37,0.0,56,6.9,958.2,529.0
2026-01-25 15:00:00,28.6,36,0.0,48,6.7,957.9,409.0
2026-01-25 16:00:00,28.2,37,0.0,52,5.6,957.9,289.0
2026-01-25 17:00:00,26.3,47,0.0,54,9.6,958.2,133.0
2026-01-25 18:00:00,26.0,48,0.0,48,8.8,958.8,14.0
2026-01-25 19:00:00,25.5,50,0.0,24,9.1,959.4,0.0
2026-01-25 20:00:00,24.9,53,0.0,2,8.4,960.1,0.0
2026-01-25 21:00:00,24.0,56,0.0,0,8.6,960.0,0.0
2026-01-25 22:00:00,23.5,57,0.0,9,7.2,959.9,0.0
2026-01-25 23:00:00,22.4,62,0.0,14,9.1,959.9,0.0
2026-01-26 00:00:00,21.9,62,0.0,2,9.5,959.7,0.0
2026-01-26 01:00:00,21.1,64,0.0,0,8.7,959.2,0.0
2026-01-26 02:00:00,20.5,68,0.0,3,8.3,958.8,0.0
2026-01-26 03:00:00,20.0,70,0.0,0,8.0,958.6,0.0
2026-01-26 04:00:00,19.6,69,0.0,5,7.5,958.6,0.0
2026-01-26 05:00:00,20.1,70,0.0,11,9.5,959.0,0.0
2026-01-26 06:00:00,19.7,73,0.0,0,9.8,959.6,0.0
2026-01-26 07:00:00,19.6,77,0.0,0,8.5,960.2,22.0
2026-01-26 08:00:00,20.9,74,0.0,0,8.4,961.6,189.0
2026-01-26 09:00:00,22.9,63,0.0,3,8.7,962.6,402.0
2026-01-26 10:00:00,25.0,51,0.0,27,9.9,962.6,583.0
2026-01-26 11:00:00,25.6,51,0.0,58,9.4,962.1,678.0
2026-01-26 12:00:00,27.0,45,0.0,1,8.2,961.3,717.0
2026-01-26 13:00:00,28.2,40,0.0,28,7.0,960.2,786.0
2026-01-26 14:00:00,28.7,37,0.0,38,6.4,959.4,657.0
2026-01-26 15:00:00,28.6,36,0.0,98,6.1,959.1,457.0
2026-01-26 16:00:00,28.1,37,0.0,48,6.8,959.0,193.0
2026-01-26 17:00:00,27.0,42,0.0,59,9.7,959.6,138.0
2026-01-26 18:00:00,26.2,48,0.0,48,10.9,960.3,14.0
2026-01-26 19:00:00,25.7,49,0.0,11,8.9,961.3,0.0
2026-01-26 20:00:00,24.9,51,0.0,9,7.4,961.7,0.0
2026-01-26 21:00:00,24.1,53,0.0,9,7.0,961.7,0.0
2026-01-26 22:00:00,23.7,54,0.0,5,7.1,961.5,0.0
2026-01-26 23:00:00,23.0,59,0.0,2,6.7,961.2,0.0
2026-01-27 00:00:00,22.5,60,0.0,2,9.5,961.0,0.0
2026-01-27 01:00:00,21.1,68,0.0,0,9.2,960.6,0.0
2026-01-27 02:00:00,20.5,70,0.0,0,8.5,960.1,0.0
2026-01-27 03:00:00,20.1,67,0.0,0,7.5,960.2,0.0
2026-01-27 04:00:00,19.8,65,0.0,0,7.2,960.1,0.0
2026-01-27 05:00:00,19.5,71,0.0,0,6.8,960.3,0.0
2026-01-27 06:00:00,19.8,66,0.0,41,7.3,961.0,0.0
2026-01-27 07:00:00,20.0,64,0.0,94,7.2,961.9,23.0
2026-01-27 08:00:00,21.3,59,0.0,95,6.6,962.8,184.0
2026-01-27 09:00:00,23.4,52,0.0,88,7.6,963.7,398.0
2026-01-27 10:00:00,25.2,46,0.0,83,9.2,963.7,589.0
2026-01-27 11:00:00,26.5,42,0.0,94,9.8,963.4,730.0
2026-01-27 12:00:00,27.5,40,0.0,18,9.4,962.3,803.0
2026-01-27 13:00:00,28.6,37,0.0,77,6.0,961.3,804.0
2026-01-27 14:00:00,28.0,37,0.0,70,6.0,959.8,399.0
2026-01-27 15:00:00,28.1,37,0.0,88,6.5,959.7,347.0
2026-01-27 16:00:00,28.1,37,0.0,76,5.0,959.0,262.0
2026-01-27 17:00:00,27.4,40,0.0,100,9.5,959.1,137.0
2026-01-27 18:00:00,26.6,43,0.0,58,10.5,959.7,8.0
2026-01-27 19:00:00,25.6,48,0.0,0,10.4,960.0,0.0
2026-01-27 20:00:00,24.6,51,0.0,3,8.0,960.8,0.0
2026-01-27 21:00:00,24.3,51,0.0,0,6.2,960.9,0.0
2026-01-27 22:00:00,23.8,53,0.0,0,7.1,960.7,0.0
2026-01-27 23:00:00,22.8,57,0.0,0,7.9,959.9,0.0
2026-01-28 00:00:00,22.4,58,0.0,0,6.7,959.7,0.0
2026-01-28 01:00:00,22.0,59,0.0,0,6.9,959.1,0.0
2026-01-28 02:00:00,21.2,62,0.0,0,5.8,958.9,0.0
2026-01-28 03:00:00,20.6,65,0.0,1,3.7,958.6,0.0
2026-01-28 04:00:00,20.1,67,0.0,0,2.7,958.5,0.0
2026-01-28 05:00:00,19.0,75,0.0,4,2.4,958.4,0.0
2026-01-28 06:00:00,19.5,71,0.0,0,3.6,959.5,0.0
2026-01-28 07:00:00,19.5,71,0.0,0,3.3,960.1,23.0
2026-01-28 08:00:00,21.1,62,0.0,2,1.9,961.4,186.0
2026-01-28 09:00:00,23.6,51,0.0,3,2.2,962.4,401.0
2026-01-28 10:00:00,25.8,44,0.0,3,2.7,962.4,597.0
2026-01-28 11:00:00,26.8,41,0.0,0,2.4,961.8,736.0
2026-01-28 12:00:00,28.8,35,0.0,55,1.1,960.8,811.0
2026-01-28 13:00:00,29.5,32,0.0,66,0.4,959.5,619.0
2026-01-28 14:00:00,30.1,29,0.0,97,1.7,958.5,546.0
2026-01-28 15:00:00,29.8,30,0.0,100,5.2,958.1,366.0
2026-01-28 16:00:00,28.8,34,0.0,99,9.7,958.0,189.0
2026-01-28 17:00:00,26.9,43,0.0,59,9.7,958.3,100.0
2026-01-28 18:00:00,27.0,42,0.0,30,6.5,958.9,16.0
2026-01-28 19:00:00,26.1,46,0.0,3,9.2,959.2,0.0
2026-01-28 20:00:00,24.9,51,0.0,1,9.1,959.7,0.0
2026-01-28 21:00:00,24.0,55,0.0,2,6.9,959.9,0.0
2026-01-28 22:00:00,23.5,56,0.0,1,6.0,959.7,0.0
2026-01-28 23:00:00,22.9,60,0.0,0,5.6,959.2,0.0
2026-01-29 00:00:00,22.6,62,0.0,0,5.4,958.8,0.0
2026-01-29 01:00:00,22.1,63,0.0,0,5.3,958.0,0.0
2026-01-29 02:00:00,21.5,66,0.0,0,6.5,957.5,0.0
2026-01-29 03:00:00,20.9,69,0.0,0,4.7,957.2,0.0
2026-01-29 04:00:00,20.5,72,0.0,0,3.3,957.1,0.0
2026-01-29 05:00:00,19.4,82,0.0,0,1.8,957.0,0.0
2026-01-29 06:00:00,19.9,78,0.0,0,4.7,958.0,0.0
2026-01-29 07:00:00,19.8,79,0.0,0,6.3,959.0,24.0
2026-01-29 08:00:00,20.9,75,0.0,0,5.8,960.2,191.0
2026-01-29 09:00:00,23.2,66,0.0,0,6.0,961.4,411.0
2026-01-29 10:00:00,25.6,53,0.0,0,7.3,961.5,606.0
2026-01-29 11:00:00,27.0,43,0.0,0,8.6,961.2,750.0
2026-01-29 12:00:00,28.2,35,0.0,0,9.0,960.2,826.0
2026-01-29 13:00:00,28.9,32,0.0,1,8.8,959.1,829.0
2026-01-29 14:00:00,29.1,31,0.0,5,9.0,958.2,751.0
2026-01-29 15:00:00,29.2,31,0.0,34,9.3,958.1,579.0
2026-01-29 16:00:00,28.8,30,0.0,58,9.6,958.0,332.0
2026-01-29 17:00:00,27.9,34,0.0,100,9.7,958.1,122.0
2026-01-29 18:00:00,27.1,39,0.0,20,10.7,958.9,17.0
2026-01-29 19:00:00,26.1,44,0.0,9,8.9,959.7,0.0
2026-01-29 20:00:00,25.0,50,0.0,1,8.1,960.3,0.0
2026-01-29 21:00:00,24.0,54,0.0,1,6.0,960.6,0.0
2026-01-29 22:00:00,23.2,58,0.0,0,6.5,960.6,0.0
2026-01-29 23:00:00,22.6,60,0.0,4,6.1,960.4,0.0
2026-01-30 00:00:00,22.2,61,0.0,4,5.4,959.9,0.0
2026-01-30 01:00:00,21.8,63,0.0,5,5.8,959.2,0.0
2026-01-30 02:00:00,21.4,64,0.0,0,6.1,958.3,0.0
2026-01-30 03:00:00,20.6,67,0.0,0,7.8,958.0,0.0
2026-01-30 04:00:00,20.0,70,0.0,0,4.8,958.0,0.0
2026-01-30 05:00:00,19.6,79,0.0,0,3.6,958.3,0.0
2026-01-30 06:00:00,19.6,79,0.0,0,9.7,959.2,0.0
2026-01-30 07:00:00,19.6,77,0.0,0,8.7,960.2,24.0
2026-01-30 08:00:00,20.2,76,0.0,0,7.0,961.2,195.0
2026-01-30 09:00:00,22.4,70,0.0,1,7.3,962.2,414.0
2026-01-30 10:00:00,24.8,58,0.0,0,7.9,962.3,610.0
2026-01-30 11:00:00,26.0,48,0.0,0,8.8,962.0,753.0
2026-01-30 12:00:00,27.5,40,0.0,1,9.5,961.1,827.0
2026-01-30 13:00:00,28.4,36,0.0,20,9.5,960.1,815.0
2026-01-30 14:00:00,28.5,34,0.0,64,9.8,958.9,665.0
2026-01-30 15:00:00,28.0,35,0.0,98,10.7,958.6,394.0
2026-01-30 16:00:00,27.4,37,0.0,100,10.5,958.7,197.0
2026-01-30 17:00:00,27.0,38,0.0,97,9.4,958.9,116.0
2026-01-30 18:00:00,26.5,40,0.0,99,10.1,959.3,14.0
2026-01-30 19:00:00,25.7,44,0.0,0,10.3,960.0,0.0
2026-01-30 20:00:00,24.5,48,0.0,0,7.4,960.6,0.0
2026-01-30 21:00:00,24.0,50,0.0,0,6.7,960.8,0.0
2026-01-30 22:00:00,23.8,49,0.0,0,7.6,960.7,0.0
2026-01-30 23:00:00,23.0,55,0.0,0,7.0,960.3,0.0
2026-01-31 00:00:00,22.4,57,0.0,0,6.7,959.7,0.0
2026-01-31 01:00:00,21.5,61,0.0,0,5.8,959.2,0.0
2026-01-31 02:00:00,20.5,65,0.0,0,8.5,958.9,0.0
2026-01-31 03:00:00,19.6,71,0.0,0,7.9,958.7,0.0
2026-01-31 04:00:00,19.0,76,0.0,0,7.0,958.8,0.0
2026-01-31 05:00:00,18.6,82,0.0,0,5.8,959.2,0.0
2026-01-31 06:00:00,18.9,79,0.0,0,6.0,959.7,0.0
2026-01-31 07:00:00,19.0,75,0.0,0,6.7,960.6,25.0
2026-01-31 08:00:00,20.5,64,0.0,0,6.4,961.6,197.0
2026-01-31 09:00:00,22.6,53,0.0,0,7.8,962.6,421.0
2026-01-31 10:00:00,24.6,46,0.0,0,9.6,962.8,618.0
2026-01-31 11:00:00,25.6,42,0.0,0,10.0,962.2,761.0
2026-01-31 12:00:00,26.8,38,0.0,0,10.5,961.5,836.0
2026-01-31 13:00:00,27.4,37,0.0,0,10.4,960.3,835.0
2026-01-31 14:00:00,27.6,36,0.0,0,9.9,959.2,757.0
2026-01-31 15:00:00,27.6,37,0.0,1,9.9,958.7,612.0
2026-01-31 16:00:00,27.4,38,0.0,49,10.0,958.7,411.0
2026-01-31 17:00:00,26.6,39,0.0,95,10.8,958.8,158.0
2026-01-31 18:00:00,25.9,42,0.0,12,10.9,959.3,15.0
2026-01-31 19:00:00,24.9,46,0.0,0,9.3,960.1,0.0
2026-01-31 20:00:00,24.2,47,0.0,0,7.8,960.4,0.0
2026-01-31 21:00:00,23.8,48,0.0,0,5.2,960.7,0.0
2026-01-31 22:00:00,23.4,50,0.0,0,5.2,960.6,0.0
2026-01-31 23:00:00,22.1,59,0.0,0,2.9,960.2,0.0
